Operon,Position,Density
rrnB,0,0.0
rrnB,292,5.27017108239
rrnB,584,6.87726591678
rrnB,876,5.26450944986
rrnB,1168,4.1184332645
rrnB,1460,5.73846897325
rrnB,1752,5.07747337517
rrnB,2044,4.17019676195
rrnB,2336,5.44042446067
rrnB,2628,1.95346542461
rrnB,2920,5.73422274885
rrnB,3212,6.07230309146
rrnB,3504,6.7705037033
rrnB,3796,5.08414601349
rrnB,4088,4.28969764861
rrnB,4380,5.61148664361
rrnB,4672,6.06886567171
rrnB,4964,5.44285087463
rrnB,5256,6.18310932813
rrnB,5442,4.83240556702
